,#Karmn,Name
0,J00012+139N,BD+13 5195
1,J00012+139S,BD+13 5195B
2,J00026+383,2M J00024011+3821453
3,J00033+046,StKM 1-2199
4,J00051+457,GJ 2
5,J00056+458,HD 38B
6,J00067-075,GJ 1002
7,J00077+603,G 217-032
8,J00078+676,2M J00075079+6736255
9,J00079+080,LP 524-065
10,J00081+479,1RXS J000806.3+475659
11,J00084+174,MCC 351
12,J00088+208,LP 404-033
13,J00110+052,G 031-029
14,J00115+591,LSR J0011+5908
15,J00118+229,LP 348-040
16,J00119+330,G 130-053
17,J00122+304,2M J00121341+3028443
18,J00131+703,TYC 4298-613-1
19,J00132+693,GJ 11 AB
20,J00133+275,2M J00131951+2733310
21,J00136+806,G 242-048
22,J00137+806,LP 012-304
23,J00154-161,GJ 1005 AB
24,J00156+722,G 242-049
25,J00158+135,GJ 12
26,J00159-166,BPS CS 31060-0015
27,J00162+198E,LP 404-062
28,J00162+198W,EZ Psc
29,J00169+051,GJ 1007
30,J00169+200,G 131-047
31,J00173+291,Ross 680
32,J00176-086,BD-09 40
33,J00179+209,LP 404-081
34,J00182+102,GJ 16
35,J00183+440,GX And
36,J00184+440,GQ And
37,J00188+278,LP 292-066
38,J00201-170,LP 764-108
39,J00204+330,LP 292-067
40,J00207+596,[I81] M 134
41,J00209+176,StKM 1-25
42,J00210+557,G 217-043
43,J00218+382,G 171-051
44,J00219+492,LP 149-056
45,J00234+243,GJ 1011
46,J00234+771,GJ 1010 A
47,J00235+771,GJ 1010 B
48,J00240+264,LSPM J0024+2626
49,J00244+360,G 130-067
50,J00245+300,G 130-068
51,J00253+228,LP 349-018
52,J00268+701,GJ 21
53,J00271+496,G 217-051
54,J00279+223,LP 349-025 AB
55,J00286-066,GJ 1012
56,J00288+503,G 172-001 AB
57,J00315-058,GJ 1013
58,J00322+544,G 217-056
59,J00324+672N,V547 Cas Aab
60,J00324+672S,V547 Cas B
61,J00325+074,LP 525-039 AB
62,J00328-045,GR* 50 AB
63,J00333+368,G 132-004
64,J00341+253,V493 And
65,J00346+711,LP 028-158
66,J00357+025,NLTT 1930
67,J00358+526,NLTT 1920
68,J00359+104,GJ 1014
69,J00361+455,G 172-013
70,J00374+515,G 172-014
71,J00380+169,2M J00380386+1656028
72,J00382+523,G 218-005
73,J00385+514,G 172-015
74,J00389+306,Wolf 1056
75,J00395+149N,LP 465-062
76,J00395+149S,LP 465-061
77,J00395+605,G 217-061
78,J00409+313,G 069-011
79,J00413+558,GJ 1015 A
80,J00427+438,2M J00424780+4349248
81,J00428+355,FF And
82,J00435+284,GJ 1019
83,J00443+091,NLTT 2413
84,J00443+126,G 032-044
85,J00449-152,NLTT 2465
86,J00459+337,G 132-025 AB
87,J00463+353,HAT 163-01012
88,J00464+506,G 172-022
89,J00468+160,2M J00465328+1603028
90,J00484+753,LSPM J0048+7518
91,J00487+270,G 069-024
92,J00489+445,LP 193-584 AB
93,J00490+657,2M J00490477+6544377
94,J00502+086,RX J0050.2+0837 2
95,J00505+248,FT Psc AB
96,J00511+225,BPM 84579
97,J00514+583,Wolf 33
98,J00515-229,HD 4967 B
99,J00520+205,StKM 2-77
100,J00532+190,LSPM J0053+1903
101,J00538+459,G 172-028
102,J00540+691,Ross 317
103,J00548+275,G 069-032
104,J00566+174,GJ 1024
105,J00570+450,G 172-030
106,J00577+058,BD+05 127
107,J00580+393,1RXS J005802.4+391912
108,J01008+669,LP 051-017
109,J01009-044,GJ 1025
110,J01013+613,GJ 47
111,J01019+541,G 218-020
112,J01025+716,BD+70 68
113,J01026+623,BD+61 195
114,J01032+200,GJ 1026 AB
115,J01032+316,LP 294-040
116,J01032+712,G 242-077
117,J01033+623,V388 Cas
118,J01036+408,G 132-050
119,J01037+408,G 132-051
120,J01041+108,StKM 1-112
121,J01048-181,GJ 1028
122,J01056+284,GJ 1029
123,J01066+152,GJ 1030
124,J01069+804,NLTT 3583
125,J01078+128,G 002-021
126,J01102-118,LP 707-016
127,J01114+154,LP 467-016 AB
128,J01116+120,LP 467-015
129,J01119+049N,G 070-043
130,J01119+049S,G 070-044
131,J01125-169,YZ Cet
132,J01133+589,Wolf 58
133,J01134-229,GJ 1033
134,J01141+790,2M J01140633+7904007
135,J01147+253,LP 351-006
136,J01158+470,1RXS J011549.5+470159
137,J01161+601,Wolf 59
138,J01178+054,NLTT 4318
139,J01178+286,Ross 324
140,J01182-128,GJ 56.1
141,J01198+841,GJ 1035
142,J01214+243,Ross 788
143,J01221+221,G 034-023
144,J01227+005,NLTT 4582
145,J01256+097,Wolf 66
146,J01317+209,G 034-035
147,J01324-219,CD-22 526
148,J01339-176,LP 768-113
149,J01352-072,Barta 161 12
150,J01369-067,LP 648-020
151,J01373+610,TYC 4031-2527-1
152,J01383+572,Ross 10
153,J01384+006,G 071-024
154,J01390-179,BL Cet + UV Cet
155,J01395+050,[R78b] 72
156,J01402+317,G 072-023
157,J01431+210,RX J0143.1+2101
158,J01432+278,BD+27 273
159,J01433+043,GJ 70
160,J01437-060,BPS CS 22962-0011
161,J01449+163,Wolf 1530
162,J01453+465,G 173-018
163,J01466-086,LP 708-416
164,J01480+212,G 034-051
165,J01510-061,NLTT 6192
166,J01514+213,Wolf 90
167,J01518+644,G 244-037
168,J01518-108,Ross 555
169,J01531-210,BD-21 332 AB
170,J01538-149,RBS 253
171,J01544+576,LSPM J0154+5741S
172,J01550+379,LSR J0155+3758
173,J01556+028,LHS 6038
174,J01567+305,NLTT 6496
175,J01592+035E,BD+02 305
176,J01592+035W,GJ 1041 B
177,J01593+585,V596 Cas
178,J02000+437,G 133-060
179,J02001+366,G 133-061
180,J02002+130,TZ Ari
181,J02007-103,LP 709-016
182,J02015+637,G 244-047
183,J02019+735,LP 030-055
184,J02020+039,Wolf 109 B
185,J02022+103,LP 469-067
186,J02026+105,RX J0202.4+1034
187,J02027+135,LP 469-073AB
188,J02028+047,RX J0202.8+0446 2
189,J02033-212,G 272-145
190,J02044-018,G 159-034
191,J02050-176,BD-18 359 AB
192,J02055+056,Wolf 116
193,J02069+451,V374 And
194,J02070+496,G 173-037
195,J02071+642,G 244-049
196,J02082+802,G 242-081
197,J02088+494,G 173-039
198,J02096-143,LP 709-040
199,J02116+185,G 035-032
200,J02123+035,BD+02 348
201,J02129+000,G 159-046
202,J02133+368,2M J02132062+3648506
203,J02142-039,LP 649-072
204,J02149+174,GJ 1045
205,J02153+074,Wolf 127
206,J02155+339,G 074-011
207,J02158-126,LP 709-062
208,J02164+135,LP 469-206
209,J02171+354,LP 245-010
210,J02185+207,G 035-039
211,J02186+123,RX J0218.6+1219 2
212,J02190+238,LTT 10787
213,J02190+353,Ross 19
214,J02204+377,LP 245-017 AB
215,J02207+029,LTT 17354
216,J02210+368,GJ 1047 AB
217,J02222+478,BD+47 612
218,J02230+181,StKM 1-261
219,J02234+227,LP 353-051
220,J02247+259,LP 353-074
221,J02254+246,StKM 1-265
222,J02256+375,G 074-025
223,J02272+545,2M J02271705+5432479
224,J02274+031,2M J02272756+0310548
225,J02277+044,BD+03 339
226,J02282+014,G 075-016
227,J02283+219,TYC 1221-1171-1
228,J02285-200,GJ 100C
229,J02287+156,BPM 85139
230,J02289+120,[R78b] 140
231,J02289+226,BPM 85140
232,J02292+195,LP 410-033
233,J02293+884,LP 001-052
234,J02314+573,Ross 21
235,J02330+078,LP 530-026
236,J02336+249,GJ 102
237,J02337+150,LP 470-030
238,J02340+417,G 074-029
239,J02345+566,G 174-004
240,J02353+235,2E 591
241,J02358+202,BD+19 381
242,J02362+068,BX Cet
243,J02364+554,G 173-061
244,J02367+226,G 036-026
245,J02367+320,G 074-034 AB
246,J02392+074,G 076-019
247,J02412-045,G 075-035
248,J02419+435,StKM 1-291
249,J02424+182,LP 410-081
250,J02438-088,Wolf 1132
251,J02441+492,tet Per B
252,J02442+255,VX Ari
253,J02443+109E,2M J02442272+1057349
254,J02443+109W,MCC 401
255,J02455+449,G 078-003
256,J02456+449,G 078-004
257,J02462-049,LP 651-007
258,J02465+164,LP 411-006
259,J02502+628,G 246-012
260,J02518+062,NLTT 9155
261,J02518+294,LP 298-042
262,J02519+224,RBS 365
263,J02524+269,LP 354-423
264,J02530+168,Teegardens Star
265,J02534+174,NLTT 9223
266,J02555+268,HD 18143 C
267,J02560-006,LP 591-156
268,J02562+239,LSPM J0256+2359
269,J02565+554E,Ross 365
270,J02565+554W,Ross 364
271,J02575+107,Ross 791
272,J02581-128,LP 711-032
273,J02591+366,Ross 331
274,J02592+317,LP 298-052
275,J02597+389,G 134-063
276,J03018-165N,LP 771-095
277,J03018-165S,LP 771-096
278,J03026-181,GJ 121.1
279,J03033-080,StM 20
280,J03036-128,LP 711-043
281,J03037-128,LP 711-044
282,J03040-203,LP 771-077
283,J03047+617,G 246-022
284,J03075-039,LP 652-005 AB
285,J03077+249,LP 355-027
286,J03090+100,GJ 1055
287,J03095+457,GJ 125 AB
288,J03102+059,EK Cet
289,J03104+584,G 246-026
290,J03109+737,GJ 1053
291,J03110-046,LP 652-062
292,J03112+011,1RXS J031114.2+010655
293,J03118+196,Wolf 132
294,J03119+615,BD+60 637
295,J03133+047,CD Cet
296,J03136+653,TYC 4057-285-1
297,J03142+286,LP 299-036
298,J03145+594,Ross 369
299,J03147+114,RX J0314.7+1127
300,J03147+485,Ross 346
301,J03162+581N,Ross 370 B
302,J03162+581S,Ross 370 A
303,J03167+389,HAT 168-01565
304,J03172+453,G 078-028 AB
305,J03177+252,LP 355-051
306,J03181+382,HD 275122
307,J03181+426,Wolf 140
308,J03185+103,StKM 1-354
309,J03186+326,LP 299-053
310,J03187+606,Ross 371
311,J03194+619,G 246-033
312,J03207+397,LP 198-637
313,J03213+799,GJ 133
314,J03217-066,G 077-046
315,J03220+029,GJ 1058
316,J03224+271,LP 355-064
317,J03230+420,GJ 1059
318,J03233+116,G 005-032
319,J03236+056,1RXS J032338.7+054117
320,J03241+237,GJ 140 AB
321,J03242+237,GJ 140C
322,J03247+447,2M J03244244+4447417
323,J03257+058,LP 532-081
324,J03263+171,TYC 1237-889-1
325,J03267+192,G 006-007
326,J03272+273,CK Ari
327,J03275+222,J0327+2212
328,J03284+352,LSPM J0328+3515
329,J03286-156,LP 772-072 A
330,J03288+264,LP 356-106
331,J03303+346,2M J03302331+3440325
332,J03308+542,LSPM J0330+5413
333,J03309+706,LP 031-368
334,J03317+143,GJ 143.3
335,J03325+287,RX J0332.6+2843
336,J03332+462,BD+45 784B
337,J03340+585,Ross 563
338,J03346-048,LP 653-008
339,J03361+313,[GBM90] Per 49
340,J03366+034,[R78b] 233
341,J03372+691,LP 054-019AB
342,J03375+178N,LP 413-018 Aab
343,J03375+178S,LP 413-019 Bab
344,J03394+249,KP Tau
345,J03396+254E,Wolf 204
346,J03396+254W,Wolf 205
347,J03397+334,HD 278874 B
348,J03416+552,TYC 3720-426-1
349,J03430+459,NLTT 11633
350,J03433-095,G 160-019
351,J03437+166,BD+16 502B
352,J03438+166,BD+16 502A
353,J03445+349,HD 278968
354,J03454+729,NLTT 11646
355,J03455+703,2M J03453188+7018002
356,J03459+147,NLTT 11771
357,J03463+262,HD 23453
358,J03467+821,TYC 4521-1342-1
359,J03467-112,LP 713-028
360,J03473+086,LTT 11262
361,J03473-019,G 080-021
362,J03479+027,Ross 588
363,J03480+686,BD+68 278B
364,J03486+735,LP 031-218
365,J03505+634,G 246-050
366,J03507-060,GJ 1065
367,J03510+142,2M J03510078+1413398
368,J03510-008,LP 593-068
369,J03519+397,TYC 2868-639-1
370,J03526+170,Wolf 227
371,J03531+625,Ross 567
372,J03543-146,2M J03542008-1437388
373,J03544-091,StKM 1-430
374,J03548+163,LP 413-108
375,J03565+319,HAT 214-02089
376,J03567+039,Ross 23
377,J03574-011,BD-01 565B
378,J03586+520,Ross 24
379,J03588+125,G 007-014
380,J03598+260,Ross 873
381,J04011+513,Ross 25
382,J04056+057,[R78b] 256 AB
383,J04059+712E,LP 031-301
384,J04059+712W,LP 031-302 BC
385,J04061-055,2M J04060688-0534444
386,J04077+142,LP 474-123
387,J04079+142,NLTT 12593
388,J04081+743,LP 032-016
389,J04083+691,LP 031-433
390,J04086+336,HD 281621
391,J04093+057,NLTT 12648
392,J04108-128,LP 714-037 ABC
393,J04112+495,Ross 27
394,J04122+647,G 247-015
395,J04123+162,HG 7-124
396,J04129+526,Ross 28 AB
397,J04131+505,Ross 29
398,J04137+476,LSPM J0413+4737E
399,J04139+829,G 222-001
400,J04148+277,HG 8-1
401,J04153-076,omi02 Eri C
402,J04166-125,LP 714-058 AB
403,J04173+088,LTT 11392
404,J04177+410,LSPM J0417+4103
405,J04188+013,HIP 20122
406,J04191+097,2M J04190809+0944481
407,J04191-074,LP 654-039
408,J04198+425,LSR J0419+4233
409,J04199+364,Ross 592
410,J04205+815,2M J04203505+8131556
411,J04206+272,XEST 16-045
412,J04207+152,HG 7-172
413,J04218+213,G 008-029
414,J04219+213,K2-155
415,J04219+751,G 248-019
416,J04221+192,LP 415-636
417,J04224+036,RX J0422.4+0337
418,J04224+740,LP 031-339
419,J04225+105,LSPM J0422+1031
420,J04225+390,GJ 1070
421,J04227+205,LP 415-030
422,J04229+259,G 008-031
423,J04234+495,TYC 3337-1716-1
424,J04234+809,1RXS J042323.2+805511
425,J04238+092,LP 535-073
426,J04238+149,IN Tau
427,J04247-067,2M J04244260-0647313
428,J04248+324,G 039-011
429,J04251+515,2M J04250968+5131578
430,J04252+080N,HG 7-207
431,J04252+080S,HG 7-206
432,J04252+172,V805 Tau
433,J04274+203,TYC 1273-9-1
434,J04276+595,G 175-032
435,J04278+117,NLTT 13316
436,J04284+176,V1102 Tau AB
437,J04290+219,BD+21 652
438,J04293+142,LTT 11438
439,J04294+262,FW Tau ABC
440,J04302+708,2M J04301210+7049138
441,J04304+398,V546 Per
442,J04308-088,Koenigstuhl 2A
443,J04310+367,1RXS J043100.0+364800
444,J04311+589,STN 2051A
445,J04312+422,2M J04311499+4217111
446,J04313+241,V927 Tau AB
447,J04326+098,LP 475-1095
448,J04329+001E,LP 595-023
449,J04329+001N,LP 595-021
450,J04329+001S,G 082-028
451,J04333+239,V697 Tau
452,J04335+207,G 008-041
453,J04347-004,G 082-033
454,J04350+086,StKM 1-495
455,J04352-161,LP 775-031
456,J04366+112,G 083-022
457,J04369+593,LP 084-034
458,J04369-162,2M J04365738-1613065
459,J04373+193,LP 416-1644
460,J04376+528,BD+52 857
461,J04376-024,StKM 1-497 Cab
462,J04376-110,BD-11 916
463,J04382+282,G 039-029 AB
464,J04386-115,LP 715-039
465,J04388+217,G 008-048
466,J04393+335,RX J0439.4+3332B
467,J04395+162,LP 415-302
468,J04398+251,2M J04394898+2509262
469,J04403-055,LP 655-048
470,J04404-091,BD-09 956 AB
471,J04407+022,StKM 1-502
472,J04413+327,NLTT 13733
473,J04414+132,TYC 694-1183-1
474,J04422+577,LP 084-059
475,J04423+207,LP 415-1896
476,J04425+204,LP 415-345
477,J04429+095,2M J04425522+0935544
478,J04429+189,HD 285968
479,J04429+214,2M J04425586+2128230
480,J04433+296,Haro 6-36
481,J04444+278,HD 283779
482,J04458-144,2M J04455273-1426259
483,J04468-112,RBS 584
484,J04471+021,G 082-048
485,J04472+206,RX J0447.2+2038
486,J04480+170,LP 416-043
487,J04488+100,1RXS J044847.6+100302
488,J04494+484,G 081-034
489,J04499+236,LkCa 18
490,J04499+711,NLTT 13933
491,J04502+459,LP 157-032
492,J04504+199,BPM 85800
493,J04508+221,GJ 1072
494,J04508+261,NLTT 14030
495,J04520+064,Wolf 1539
496,J04524-168,NLTT 14116
497,J04525+407,GJ 1073
498,J04536+623,G 247-039
499,J04538+158,LSPM J0453+1549
500,J04538-177,GJ 180
501,J04544+650,1RXS J045430.9+650451
502,J04559+046,HD 31412B
503,J04560+432,G 096-010
504,J04587+509,LP 157-045
505,J04588+498,BD+49 1280
506,J04595+017,V1005 Ori
507,J05012+248,Ross 794
508,J05013+226,LSPM J0501+2237
509,J05018+037,StKM 1-539
510,J05019+011,1RXS J050156.7+010845
511,J05019+099,LP 476-207 AB
512,J05019-069,LP 656-038
513,J05024-212,HD 32450
514,J05030+213,HD 285190 BC
515,J05032+213,HD 285190 A
516,J05033-173,LP 776-046
517,J05034+531,BD+52 911
518,J05042+110,G 097-015
519,J05050+442,2M J05050591+4414037
520,J05051-120,LP 716-035
521,J05060+043,G 084-036
522,J05062+046,RX J0506.2+0439
523,J05068-215E,BD-21 1074 A
524,J05068-215W,BD-21 1074 BC
525,J05072+375,1RXS J050714.8+373103
526,J05076+275,TYC 1853-1649-1
527,J05078+179,Wolf 230
528,J05083+756,LP 015-315
529,J05084-210,2M J05082729-2101444
530,J05085-181,GJ 190 AB
531,J05091+154,Ross 388
532,J05103+095,G 097-023
533,J05103+272,LSR J0510+2713
534,J05103+488,G 096-021 AB
535,J05106+297,G 086-028
536,J05109+186,G 085-048
537,J05111+158,StKM 1-549
538,J05114+101,LP 477-036
539,J05127+196,GJ 192
540,J05151-073,NLTT 14750
541,J05152+236,2M J05151753+2336260
542,J05155+591,LSPM J0515+5911
543,J05173+321,G 086-037
544,J05173+458,Capella Bab
545,J05173+721,TYC 4351-466-1
546,J05187+464,2M J05184455+4629597
547,J05195+649,1RXS J051929.3+645435
548,J05206+587N,G 191-030 A
549,J05206+587S,G 191-029 B
550,J05211+557,G 191-032
551,J05223+305,2M J05222053+3031097
552,J05226+795,TYC 4532-731-1
553,J05228+202,2M J05225013+2016360
554,J05243-160,1RXS J052419.1-160117
555,J05256-091,LP 717-036
556,J05280+096,Ross 41
557,J05282+029,GJ 1080 A
558,J05289+125,HD 35956 B
559,J05294+155E,GJ 2043 A
560,J05294+155W,GJ 2043 B
561,J05298+320,Ross 406
562,J05298-034,Wolf 1450
563,J05306+152,LSPM J0530+1514
564,J05314-036,HD 36395
565,J05320-030,V1311 Ori
566,J05322+098,V998 Ori
567,J05328+338,NLTT 15237
568,J05333+448,GJ 1081
569,J05337+019,V371 Ori
570,J05339-023,RX J0534.0-0221
571,J05341+475,1RXS J053410.8+473207
572,J05341+512,G 191-004
573,J05342+103N,Ross 45 A
574,J05342+103S,Ross 45 B
575,J05348+138,Ross 46
576,J05360-076,Wolf 1457
577,J05365+113,V2689 Ori
578,J05366+112,2M J05363846+1117487
579,J05394+406,LSR J0539+4038
580,J05394+747,NLTT 15320
581,J05402+126,V1402 Ori AB
582,J05404+248,V780 Tau A
583,J05415+534,HD 233153
584,J05419+153,MCC 467
585,J05421+124,V1352 Ori
586,J05422-054,GJ 2045
587,J05425+154,1RXS J054232.1+152459
588,J05455-119,2M J05453198-1158034
589,J05456+729,2M J05453880+7255127
590,J05458+729,2M J05454973+7254072
591,J05466+441,Wolf 237
592,J05468+665,TYC 4106-420-1
593,J05471-052,LP 658-033
594,J05472-000,StKM 1-578
595,J05484+077,LTT 17868
596,J05511+122,2M J05511039+1216101
597,J05530+047,G 106-007
598,J05530+251,LSPM J0553+2507
599,J05532+242,Ross 59
600,J05547+109,RX J0554.7+1055
601,J05558+406,2M J05554841+4036498
602,J05566-103,1RXS J055641.0-101837
603,J05587+259,2M J05584754+2557395
604,J05588+213,NLTT 15870
605,J05596+585,EG Cam
606,J05599+585,G 192-012
607,J06000+027,G 099-049
608,J06007+681,LP 057-040
609,J06008+681,LP 057-041
610,J06011+595,G 192-013
611,J06017+130,LSPM J0601+1305
612,J06023-203,LP 779-010
613,J06024+498,G 192-015
614,J06024+663,G 249-032
615,J06025+371,2M J06023526+3707372
616,J06034+478,Wolf 261
617,J06035+155,TYC 1313-1482-1
618,J06035+168,2M J06033461+1651457
619,J06039+261,Ross 60
620,J06054+608,LP 086-173
621,J06066+465,2M J06063789+4633463
622,J06071+335,Ross 70
623,J06075+472,LSPM J0607+4712
624,J06097+001,HD 291290
625,J06102+225,2M J06101775+2234199
626,J06103+225,NLTT 16144
627,J06103+722,LSPM J0610+7212
628,J06103+821,GJ 226
629,J06105+024,TYC 135-239-1
630,J06105-218,HD 42581 A
631,J06107+259,Wolf 1058
632,J06109+103,BD+10 1032 AB
633,J06140+516,G 192-022
634,J06145+025,G 106-035
635,J06151-164,LP 779-034
636,J06171+051,HD 43587 BC
637,J06171+751,TYC 4525-194-1
638,J06171+838,LSPM J0617+8353
639,J06185+250,G 103-029
640,J06193-066,Ross 417
641,J06194+139,TYC 743-1836-1
642,J06212+442,G 101-035
643,J06216+163,LP 420-005
644,J06217+163,LP 420-006
645,J06218-227,BD-22 3005
646,J06223+334,TYC 2425-1286-1
647,J06236-096,LP 720-010
648,J06237+020,TYC 141-24-1
649,J06238+456,LP 160-022
650,J06246+234,Ross 64
651,J06258+561,G 192-026
652,J06262+238,1RXS J062614.2+234942
653,J06277+093,Ross 603
654,J06293-028,V577 Mon AB
655,J06298-027,G 108-004
656,J06306+456,2M J06303755+4539215
657,J06307+397,2M J06304724+3947370
658,J06310+500,StKM 1-598
659,J06318+414,LP 205-044
660,J06322+378,TYC 2928-1568-1
661,J06323-097,2M J06322029-0943290
662,J06325+641,LP 057-192
663,J06345+315,G 103-041
664,J06354-040,2M J06352986-0403185
665,J06361+116,NLTT 16724
666,J06361+201,LP 420-004
667,J06371+175,HD 260655
668,J06396-210,LP 780-032
669,J06400+285,LP 307-008
670,J06401-164,LP 780-023
671,J06414+157,Wolf 289
672,J06421+035,G 108-021
673,J06422+035,G 108-022
674,J06435+166,G 110-014
675,J06438+511,LP 121-041 AB
676,J06447+718,G 251-016 AB
677,J06461+325,HD 263175B
678,J06467+159,TYC 1330-879-1
679,J06474+054,G 108-027
680,J06486+532,G 192-046
681,J06489+211,2M J06485522+2108039
682,J06490+371,GJ 1092
683,J06509-091,LP 661-002
684,J06523-051,BD-05 1844Bab
685,J06524+182,LP 421-007
686,J06540+608,LP 087-237 AB
687,J06548+332,Wolf 294
688,J06564+121,TYC 756-1685-1
689,J06564+400,BD+40 1758B
690,J06564+759,LP 034-110
691,J06565+440,G 107-036
692,J06574+740,2M J06572616+7405265
693,J06579+623,G 250-031 AB
694,J06582+511,G 192-059
695,J06594+193,GJ 1093
696,J06594+195,G 088-002
697,J06596+057,2M J06594156+0545400
698,J07001-190,2M J07000682-1901235
699,J07009-023,2M J07005978-0221330
700,J07012+008,2M J07011554+0052419
701,J07033+346,LP 255-011
702,J07034+767,LP 016-379
703,J07039+527,LP 122-059 AB
704,J07042-105,Ross 54
705,J07044+682,GJ 258
706,J07047+249,Ross 874
707,J07051-101,2M J07051194-1007528
708,J07052+084,G 108-052
709,J07076+486,G 107-048
710,J07078+672,G 250-034
711,J07081-228,LP 840-016
712,J07086+307,StKM 1-626
713,J07095+698,G 251-027
714,J07100+385,QY Aur AB
715,J07102+376,LTT 17942 A
716,J07105-087,2M J07103147-0842485
717,J07111+434,LP 206-011 AB
718,J07119+773,TYC 4530-1414-1
719,J07121+522,G 193-037
720,J07129+357,2M J07125952+3547032
721,J07140+507,G 193-039
722,J07163+271,BD+27 1348 AB
723,J07163+331,GJ 1096
724,J07172-050,2M J07171706-0501031
725,J07174+195,G 088-019
726,J07181+392,Ross 987
727,J07182+137,2M J07181290+1342167
728,J07195+328,BD+33 1505
729,J07199+840,TYC 4618-116-1
730,J07212+005,TYC 178-2187-1
731,J07227+306,G 087-036
732,J07232+460,G 107-065
733,J07274+052,Luytens Star
734,J07274+220,Ross 878
735,J07282-187,LP 782-002
736,J07287-032,GJ 1097
737,J07295+359,1RXS J072931.4+355607
738,J07307+481,GJ 275.2 A
739,J07310+460,1RXS J073101.9+460030
740,J07319+362N,BL Lyn
741,J07319+362S,VV Lyn AB
742,J07319+392,G 111-009
743,J07320+173E,G 088-035
744,J07320+173W,G 088-036
745,J07320+686,G 250-049
746,J07325+248,G 088-037
747,J07342+009,GJ 1099
748,J07344+629,G 234-005
749,J07346+223,LP 365-024
750,J07346+318,YY Gem CD
751,J07349+147,TYC 777-141-1
752,J07353+548,GJ 3452
753,J07354+482,NLTT 18099
754,J07359+785,LP 017-066
755,J07361-031,BD-02 2198
756,J07364+070,G 089-032 AB
757,J07365-006,2M J07363027-0039351
758,J07366+440,G 111-020
759,J07383+344,TYC 2461-826-1
760,J07384+240,LSPM J0738+2400
761,J07386-212,LP 763-001
762,J07393+021,BD+02 1729
763,J07395+334,G 090-016
764,J07403-174,LP 783-002
765,J07418+050,G 050-001
766,J07421+500,NLTT 18279
767,J07431+181,BD+18 1719
768,J07446+035,YZ CMi
769,J07467+574,G 193-065
770,J07470+760,LP 017-075
771,J07472+503,2M J07471385+5020386
772,J07482+203,Wolf 1421
773,J07493+849,LP 004-258
774,J07497-033,2M J07494215-0320338
775,J07518+055,G 050-006
776,J07519-000,GJ 1103 A
777,J07523+162,LP 423-031
778,J07525+063,G 050-007
779,J07545+085,LSPM J0754+0832
780,J07545-096,2M J07543272-0941478
781,J07558+833,GJ 1101
782,J07581+072,G 050-012
783,J07582+413,GJ 1105
784,J07583+496,LP 163-047
785,J07585+155N,[RHG95] 1251
786,J07585+155S,[RHG95] 1252
787,J07590+153,LP 424-004
788,J07591+173,2M J07590718+1719474
789,J08005+258,TYC 1930-667-1
790,J08017+237,TYC 1926-794-1
791,J08023+033,G 050-016 A
792,J08025-130,LP 724-016
793,J08031+203,2M J08031018+2022154AB
794,J08033+528,G 194-007
795,J08066+558,LP 123-075
796,J08068+367,G 090-044
797,J08069+422,G 111-056
798,J08082+211,BD+21 1764B
799,J08083+585,LP 089-101
800,J08089+328,GJ 1108 BC
801,J08095+219,LP 366-045
802,J08103+095,2M J08102073+0935160
803,J08105-138,18 Pup B
804,J08108+039,G 050-021
805,J08117+531,G 194-014
806,J08119+087,Ross 619
807,J08126-215,GJ 300
808,J08158+346,LP 311-008
809,J08161+013,GJ 2066
810,J08175+209,LP 367-067
811,J08178+311,G 090-052
812,J08202+055,2M J08201336+0532082
813,J08258+690,LP 035-347
814,J08282+201,GJ 1110
815,J08283+350,GJ 308
816,J08283+553,2M J08281881+5522424
817,J08286+660,2M J08284121+6602239
818,J08293+039,2M J08292191+0355092
819,J08298+267,DX Cnc
820,J08313-060,LP 665-021
821,J08313-104,LP 725-015
822,J08314-060,LP 665-022
823,J08315+730,LP 035-219
824,J08316+193N,CV Cnc
825,J08316+193S,CU Cnc
826,J08317+057,2M J08314794+0545186
827,J08321+844,LP 005-110
828,J08325+451,2M J08323599+4510175
829,J08334+185,NLTT 19754
830,J08344-011,LP 605-037
831,J08353+141,LSPM J0835+1408
832,J08358+680,G 234-037
833,J08364+264,LP 311-037
834,J08364+672,BD+67 552
835,J08371+151,NLTT 19893
836,J08375+035,LSPM J0837+0333
837,J08387+516,StKM 1-711
838,J08398+089,G 052-023
839,J08402+314,LSPM J0840+3127
840,J08404+184,AZ Cnc
841,J08409-234,LP 844-008
842,J08410+676,LP 060-100
843,J08413+594,LP 090-018
844,J08427+095,BD+10 1857 AB
845,J08428+095,BD+10 1857 C
846,J08443-104,LP 726-006
847,J08447+182,NLTT 20157
848,J08449-066,2M J08445566-0637259AB
849,J08517+181,Ross 622
850,J08526+283,rho Cnc B
851,J08531-202,2M J08531090-2017172
852,J08536-034,LP 666-009
853,J08537+149,StKM 1-730
854,J08540-131,GJ 326 AB
855,J08551+015,BD+02 2098
856,J08555+664,2M J08553135+6628078
857,J08563+126,G 041-008
858,J08570+116,BD+12 1944 AB
859,J08572+194,LP 426-035
860,J08582+197,EI Cnc AB
861,J08589+084,NLTT 20670
862,J08595+537,G 194-047
863,J08599+729,LP 036-098
864,J09003+218,LP 368-128
865,J09005+465,GJ 1119
866,J09008+052E,Ross 687
867,J09008+052W,Ross 686
868,J09011+019,Ross 625
869,J09023+084,NLTT 20817
870,J09023+177,2M J09022307+1746326
871,J09028+680,LP 060-179
872,J09033+056,NLTT 20861
873,J09037+520,G 194-052
874,J09038+129,LP 486-043
875,J09040-159,2M J09040555-1555184
876,J09050+028,LP 546-48
877,J09057+186,LP 426-056
878,J09062+128,LP 486-049
879,J09070-221,LP 845-023
880,J09087+665,G 234-056
881,J09091+227,J0909+2247
882,J09093+401,GJ 1121
883,J09095+328,BD+33 1814 AB
884,J09096+067,2E 2104
885,J09099+004,G 046-024
886,J09115+126,LP 487-010
887,J09115+466,MCC 265
888,J09120+279,G 047-028
889,J09133+688,G 234-057
890,J09140+196,LP 427-016
891,J09143+526,HD 79210
892,J09144+526,HD 79211
893,J09156-105,G 161-007
894,J09160+293,G 047-031
895,J09161+018,RX J0916.1+0153
896,J09163-186,LP 787-052
897,J09165+841,G 253-021
898,J09168+248,2M J09165078+2448559
899,J09177+462,RX J0917.7+4612
900,J09177+584,LP 090-134
901,J09187+267,G 047-033 A
902,J09193+385N,GJ 1122 B
903,J09193+385S,GJ 1122 A
904,J09193+620,LP 091-014 AB
905,J09200+308,TYC 2493-1386-1
906,J09201+037,1RXS J092010.8+034731
907,J09209+033,NLTT 21531
908,J09213+731,LP 036-181
909,J09218+435,G 115-071 AB
910,J09218-023,RAVE J092148.1-021943
911,J09228+467,G 115-072
912,J09231+223,BD+22 2086B
913,J09238+001,LP 607-039
914,J09248+306,LSPM J0924+3041
915,J09256+634,G 235-025
916,J09275+506,G 195-027
917,J09288-073,Ross 439
918,J09289-073,GJ 347 B
919,J09291+259,NLTT 21866
920,J09300+396,LP 211-012
921,J09302+265,RX J0930.2+2630 1
922,J09307+003,GJ 1125
923,J09308+024,1RXS J093051.2+0222741
924,J09313-134,Ross 440
925,J09315+202,Ross 84
926,J09319+363,BD+36 1970
927,J09328+269,DX Leo B
928,J09352+612,StKM 1-785
929,J09360-061,G 161-051
930,J09360-216,GJ 357
931,J09362+375,TYC 2992-428-1
932,J09370+405,LP 211-022
933,J09394+146,NLTT 22280
934,J09394+317,G 117-034
935,J09410+220,Ross 92
936,J09411+132,Ross 85
937,J09423+559,GJ 363
938,J09425+700,GJ 360
939,J09425-192,LP 788-024
940,J09428+700,GJ 362
941,J09430+237,LP 370-035
942,J09439+269,Ross 93
943,J09447-182,GJ 1129
944,J09449-123,G 161-071
945,J09461-044,G 161-074
946,J09468+760,BD+76 3952
947,J09473+263,BD+26 2004
948,J09475+129,LP 488-037
949,J09488+156,G 043-002
950,J09506-138,LP 728-070
951,J09511-123,BD-11 2741
952,J09526-156,LP 728-071
953,J09527+554,G 195-043
954,J09531-036,GJ 372
955,J09535+507,LP 126-073
956,J09539+209,NLTT 22870
957,J09557+353,G 116-065
958,J09561+627,BD+63 869
959,J09564+226,NLTT 22978
960,J09579+118,NLTT 23051
961,J09587+555,G 196-001
962,J09589+059,NLTT 23096
963,J09593+438E,G 116-073 B
964,J09593+438W,G 116-072 A
965,J09597+472,G 146-005
966,J09597+721,Pul -3 620285
967,J10004+272,GJ 375.2
968,J10007+323,Wolf 335
969,J10020+697,LP 037-057
970,J10023+480,BD+48 1829
971,J10027+149,G 043-023
972,J10028+484,G 195-055
973,J10035+059,NLTT 23292
974,J10040+187,TYC 1415-1123-1
975,J10043+503,G 196-003A
976,J10067+417,G 116-077
977,J10068-127,2M J10065210-1246543
978,J10069+126,LP 489-035
979,J10079+692,LP 037-075
980,J10087+027,LP 549-023
981,J10094+512,LP 127-132
982,J10094+544,2M J10092678+5424247
983,J10117+353,G 118-037
984,J10120-026,GJ 381 AB
985,J10122-037,AN Sex
986,J10125+570,LP 092-048
987,J10130+233,G 054-018
988,J10133+467,LP 167-017
989,J10143+210,DK Leo
990,J10148+213,G 054-019
991,J10151+314,G 118-043
992,J10155-164,WT 1774
993,J10158+174,LSPM J1015+1729
994,J10167-119,GJ 386
995,J10182-204,NLTT 23956
996,J10185-117,LP 729-054
997,J10196+198,AD Leo
998,J10200+289,G 118-051
999,J10206+492,G 196-019
1000,J10238+438,LP 212-062
1001,J10240+366,HAT 182-00646
1002,J10243+119,StKM 1-852
1003,J10251-102,BD-09 3070
1004,J10255+263,G 054-026
1005,J10260+504E,LP 127-372
1006,J10260+504W,LP 127-371
1007,J10273+799,2M J10272334+7959511
1008,J10278+028,G 055-021
1009,J10284+482,G 146-035
1010,J10286+322,G 118-061
1011,J10289+008,BD+01 2447
1012,J10303+328,G 118-066
1013,J10315+570,BD+57 1274 B
1014,J10320+033,2M J10320226+0318547
1015,J10345+463,LP 167-064
1016,J10350-094,LP 670-017
1017,J10354+694,LP 037-179
1018,J10359+288,RX J1035.9+2853
1019,J10360+051,RY Sex
1020,J10364+415,G 146-048
1021,J10367+153,RX J1036.7+1521
1022,J10368+509,LP 127-502
1023,J10379+127,LP 490-042
1024,J10384+485,LP 167-071
1025,J10385+354,LP 262-400
1026,J10389+250,StKM 1-873
1027,J10396-069,GJ 399
1028,J10403+015,TYC 254-88-1
1029,J10416+376,GJ 1134
1030,J10430-092,WT 1827 AB
1031,J10443+124,LP 490-063
1032,J10448+324,LP 316-604 A
1033,J10453+385,BD+39 2376
1034,J10456-191,BD-18 3019
1035,J10460+096,G 044-035
1036,J10472+404,LP 213-067
1037,J10474+025,Ross 895
1038,J10482-113,LP 731-058
1039,J10485+191,LP 431-069
1040,J10497+355,GJ 1138 AB
1041,J10504+331,G 119-037
1042,J10506+517,LP 128-032
1043,J10508+068,EE Leo
1044,J10513+361,LP 263-035
1045,J10520+005,G 045-011 ABC
1046,J10520+139,GJ 403
1047,J10522+059,NLTT 25568
1048,J10546-073,LP 671-008
1049,J10555-093,LP 671-010
1050,J10563+042,2M J10562225+0415459
1051,J10564+070,CN Leo
1052,J10576+695,BD+70 639
1053,J10584-107,LP 731-076
1054,J11000+228,Ross 104
1055,J11003+728,LP 037-257
1056,J11008+120,2E 2371
1057,J11013+030,G 045-027
1058,J11014+568,StKM 1-902
1059,J11023+165E,LP 431-071
1060,J11023+165W,LP 431-070
1061,J11026+219,DS Leo
1062,J11030+037,Wolf 360
1063,J11031+152,LP 431-050
1064,J11031+366,LP 263-064
1065,J11033+359,Lalande 21185
1066,J11036+136,LP 491-051
1067,J11042+400,LP 214-026
1068,J11054+435,BD+44 2051A
1069,J11055+435,WX UMa
1070,J11055+450,G 176-008
1071,J11057+102,LP 491-060
1072,J11075+437,HAT 141-00828
1073,J11081-052,GJ 1142 A
1074,J11108+479,G 176-015
1075,J11110+304,HD 97101 B
1076,J11113+434,GJ 414.1 AB
1077,J11118+335,CW UMa
1078,J11126+189,StKM 1-928
1079,J11131+002,BD+01 2535
1080,J11151+734,HD 97584B
1081,J11152+194,G 056-026
1082,J11152-181,LP 792-009
1083,J11154+410,G 122-008
1084,J11159+553,StKM 1-932
1085,J11195+466,LP 169-022
1086,J11200+658,SZ UMa AB
1087,J11201-104,LP 733-099
1088,J11214-204,BD-19 3242B
1089,J11216+061,GJ 1146
1090,J11231+258,LP 374-039
1091,J11233+448,G 122-020
1092,J11237+085,Wolf 386
1093,J11238+106,BPM 87356
1094,J11239-183,LP 792-020
1095,J11240+381,1RXS J112405.0+380809
1096,J11247+675,Ross 448
1097,J11249+024,StKM 1-941
1098,J11254+782,G 253-050
1099,J11266+379,HAT 183-00276
1100,J11276+039,BD+04 2470
1101,J11289+101,Wolf 398
1102,J11302+076,K2-18
1103,J11306-080,LP 672-042
1104,J11307+549,StKM 1-950
1105,J11311-149,LP 732-035
1106,J11315+022,LP 552-068
1107,J11317+226,BD+23 2359
1108,J11351-056,LP 673-013
1109,J11355+389,G 122-034
1110,J11376+587,Ross 112
1111,J11404+770,G 254-027
1112,J11417+427,Ross 1003
1113,J11420+147,Ross 115
1114,J11421+267,Ross 905
1115,J11433+253,LTT 13220
1116,J11451+183,LP 433-047
1117,J11467-140,GJ 443
1118,J11470+700,G 236-081
1119,J11474+667,1RXS J114728.8+664405
1120,J11476+002,LP 613-049 A
1121,J11476+786,GJ 445
1122,J11477+008,FI Vir
1123,J11483-112,LP 733-024
1124,J11485+076,G 010-052
1125,J11496+220,BPM 87650
1126,J11509+483,GJ 1151
1127,J11511+352,BD+36 2219
1128,J11519+075,RX J1151.9+0731
1129,J11521+039,StM 162
1130,J11529+244,G 121-028
1131,J11532-073,GJ 452
1132,J11533+430,TYC 3016-577-1
1133,J11538+069,LP 553-059
1134,J11541+098,Ross 119
1135,J11549-021,2M J11545693-0206091
1136,J11551+009,Ross 129
1137,J11557-189,LP 793-044
1138,J11557-227,LP 851-346
1139,J11575+118,Ross 122
1140,J11582+425,G 122-058
1141,J11585+595,G 197-038
1142,J11589+426,G 122-060
1143,J12006-138,LP 734-011 A
1144,J12016-122,LTT 4484
1145,J12023+285,GJ 455
1146,J12054+695,Ross 689
1147,J12057+784,LSPM J1205+7825
1148,J12063-132,StM 164
1149,J12088+303,1RXS J120847.7+302120
1150,J12093+210,StM 165
1151,J12100-150,LP 734-032
1152,J12104-131,LP 734-034
1153,J12109+410,G 123-008
1154,J12111-199,LTT 4562
1155,J12112-199,LP 794-031
1156,J12121+488,G 122-074
1157,J12122+714,LP 039-066
1158,J12123+544N,BD+55 1519 B
1159,J12123+544S,HD 238090
1160,J12124+121,2M J12122605+1211381
1161,J12124+396,G 123-013 AB
1162,J12133+166,IV Com
1163,J12142+006,GJ 1154 A
1164,J12144+245,G 059-007
1165,J12151+487,BD+49 2126
1166,J12154+391,G 123-016
1167,J12156+526,StKM 2-809
1168,J12162+508,RX J1216.2+5053
1169,J12168+029,GJ 1155 AB
1170,J12168+248,2M J12165262+2451052
1171,J12169+311,Sand 39
1172,J12189+111,GL Vir
1173,J12191+318,LP 320-626
1174,J12194+283,Wolf 408
1175,J12198+527,StKM 1-1007
1176,J12199+364,G 123-036
1177,J12204+005,BD+01 2684 AB
1178,J12214+306E,Sand 57 B
1179,J12214+306W,Sand 58 A
1180,J12217+682,G 237-061
1181,J12223+251,Wolf 409
1182,J12225+123,BD+28 2110
1183,J12228-040,G 013-033
1184,J12230+640,Ross 690
1185,J12235+279,Wolf 411
1186,J12235+671,G 237-064 AB
1187,J12238+125,HD 107888
1188,J12248-182,Ross 695
1189,J12269+270,CX Com
1190,J12274+374,G 148-061
1191,J12277-032,LP 615-149
1192,J12288-106N,Ross 948 A
1193,J12288-106S,Ross 948 B
1194,J12289+084,Wolf 414 AB
1195,J12290+417,G 123-035
1196,J12292+535,GJ 1159 A
1197,J12294+229,LP 377-100
1198,J12299-054E,LP 675-077
1199,J12299-054W,LP 675-076
1200,J12312+086,BD+09 2636
1201,J12323+315,LP 321-035
1202,J12324+203,StKM 1-1021
1203,J12327+682,LP 039-249
1204,J12332+090,FL Vir AB
1205,J12349+322,2M J12345401+3214279
1206,J12350+098,GJ 476
1207,J12363-043,LP 675-019
1208,J12364+352,G 123-045
1209,J12368-019,2M J12365214-0159007
1210,J12373-208,LP 795-038
1211,J12387-043,GJ 1162
1212,J12388+116,Wolf 433
1213,J12390+470,G 123-049
1214,J12397+255,LP 377-036
1215,J12416+482,G 198-071A
1216,J12417+567,RX J1241.7+5645
1217,J12428+418,G 123-055
1218,J12436+251,Sand 128
1219,J12440-111,LP 735-029
1220,J12470+466,Ross 991
1221,J12471-035,LP 616-013
1222,J12479+097,Wolf 437
1223,J12481+472,G 123-061
1224,J12485+495,RX J1248.5+4933
1225,J12490+661,DP Dra AabB
1226,J12495+094,Wolf 439
1227,J12505+269,LTT 13677
1228,J12508-213,DENIS J125052.6-212113
1229,J12513+221,GJ 1166A
1230,J12576+352E,BF CVn
1231,J12576+352W,BD+36 2322B
1232,J12583+405,LP 041-165
1233,J12594+077,LP 556-064
1234,J13000-056,Ross 972
1235,J13005+056,FN Vir
1236,J13007+123,DT Vir AB
1237,J13019+335,G 164-038
1238,J13027+415,G 123-084
1239,J13047+559,GJ 497
1240,J13054+371,G 164-042
1241,J13068+308,Sand 214
1242,J13084+169,MCC 686
1243,J13088+163,LP 437-012
1244,J13089+490,StKM 1-1049
1245,J13095+289,GJ 1167A
1246,J13102+477,G 177-025
1247,J13113+285,LP 322-936
1248,J13118+253,LP 378-688
1249,J13130+201,GJ 1168
1250,J13140+038,G 062-018
1251,J13142+792,LP 021-095
1252,J13143+133,NLTT 33370 AB
1253,J13165+278,GJ 1169
1254,J13167-123,LP 737-014
1255,J13168+170,HD 115404B
1256,J13168+231,LP 378-924
1257,J13179+362,G 164-062
1258,J13180+022,G 062-028
1259,J13182+733,2M J13181352+7322073
1260,J13195+351E,BD+35 2436B
1261,J13195+351W,BD+35 2436Aab
1262,J13196+333,Ross 1007
1263,J13197+477,BD+48 2108Aab
1264,J13209+342,BD+35 2439
1265,J13215+035,LSPM J1321+0332
1266,J13215+037,LP 557-059
1267,J13229+244,Ross 1020
1268,J13235+292,BD+29 2405
1269,J13239+694,LP 040-109
1270,J13247-050,G 014-052
1271,J13251-114,2M J13251172-1126368
1272,J13254+377,BD+38 2445
1273,J13260+275,GUVVJ132602.6+273502.3
1274,J13282+300,BD+30 2400
1275,J13283-023E,Ross 486B
1276,J13283-023W,Ross 486A
1277,J13293+114,GJ 513
1278,J13294-143,1RXS J132923.9-142206
1279,J13299+102,BD+11 2576
1280,J13300-087,Wolf 485B
1281,J13305+191,GJ 1171
1282,J13317+292,DG CVn AB
1283,J13318+233,G 150-007
1284,J13319+311,BD+31 2500
1285,J13326+309,LP 323-169
1286,J13327+168,VW Com AB
1287,J13335+704,2M J13333371+7029412
1288,J13343+046,BD+05 2767
1289,J13348+201,LP 379-062
1290,J13348+745,LP 021-568
1291,J13358+146,G 150-017
1292,J13369+229,Ross 1021
1293,J13376+481,BD+48 2138C
1294,J13378+481,BD+48 2138
1295,J13386+258,Ross 1022
1296,J13386-115,2M J13384087-1132077
1297,J13388-022,Ross 488
1298,J13394+461,BD+46 1889
1299,J13401+437,Ross 1026
1300,J13413-091,2M J13412122-0907171
1301,J13414+489,StM 186
1302,J13415+148,LTT 18344
1303,J13417+582,StM 187
1304,J13421-160,LP 798-025
1305,J13427+332,Ross1015
1306,J13430+090,G 063-050
1307,J13434+111,TYC 896-760-1
1308,J13444+516,Ross 492 AB
1309,J13445+249,LP 379-098
1310,J13450+176,BD+18 2776
1311,J13455+609,MCC 699
1312,J13457+148,HD 119850
1313,J13458-179,LP 798-034
1314,J13477+214,BD+22 2632
1315,J13481-137,LP 738-014
1316,J13482+236,GJ 1179 A
1317,J13485+563,Ross 493
1318,J13488+041,Wolf 1494
1319,J13490+026,Wolf 1495
1320,J13503-216,LP 798-041
1321,J13507-216,LP 798-044
1322,J13508+367,Ross 1019
1323,J13518+127,RX J1351.8+1247
1324,J13526+144,G 150-046
1325,J13528+656,LP 066-278
1326,J13528+668,LP 066-274
1327,J13529+536,LP 097-259
1328,J13534+129,BD+13 2721
1329,J13536+776,RX J1353.6+7737
1330,J13537+521,2M J13534589+5210298AB
1331,J13537+788,LTT 18361
1332,J13582+125,Ross 837
1333,J13582-120,LP 739-002
1334,J13583-132,LP 739-003
1335,J13587-000,LP 619-009
1336,J13591-198,LP 799-007
1337,J14010-026,HD 122303
1338,J14019+154,GJ 536.1
1339,J14019+432,2M J14015879+4316427
1340,J14023+136,MCC 150
1341,J14024-210,LP 799-014
1342,J14025+463N,BD+47 2112A
1343,J14025+463S,BD+47 2112B
1344,J14039+242,LSPM J1403+2440
1345,J14041+207,BD+21 2602C
1346,J14062+693,NLTT 36313
1347,J14082+805,BD+81 465
1348,J14083+758,G 255-049
1349,J14121-005,LP 619-049
1350,J14130-120,GQ Vir
1351,J14142-153,LTT 5581
1352,J14144+234,LP 381-017
1353,J14152+450,Ross 992
1354,J14153+153,TYC 1469-782
1355,J14155+046,GJ 1182
1356,J14157+594,LP 097-674
1357,J14159+362,G 165-058
1358,J14161+233,NLTT 36793
1359,J14170+105,LP 499-059
1360,J14170+317,LP 325-015 AB
1361,J14171+088,2M J14170731+0851363
1362,J14173+454,RX J1417.3+4525
1363,J14174+454,BD+46 1951
1364,J14175+025,RX J1417.5+0233
1365,J14177+214,LP 381-094
1366,J14179-005,G 064-063
1367,J14189+386,LP 220-078
1368,J14191-073,Wolf 534
1369,J14194+029,NLTT 36959
1370,J14200+390,StKM 1- 1145
1371,J14201-096,Ross 848
1372,J14210+275,G 166-021
1373,J14212-011,LP 620-003
1374,J14215-079,2M J14213406-0755165
1375,J14219+376,LP 270-068
1376,J14227+164,NLTT 37131
1377,J14231-222,LP 857-029
1378,J14249+088,LP 500-019
1379,J14251+518,tet Boo B
1380,J14255-118,2M J14253413-1148515
1381,J14257+236E,BD+24 2733B
1382,J14257+236W,BD+24 2733A
1383,J14259+142,StKM 1-1155
1384,J14269+241,LSPM J1426+2408
1385,J14279-003N,GJ 1183B
1386,J14279-003S,GJ 1183A
1387,J14280+139,LP 500-035
1388,J14282+053,LP 560-026
1389,J14283+053,LP 560-027
1390,J14294+155,Ross 130
1391,J14299+295,G 166-033
1392,J14306+597,LP 098-079
1393,J14307-086,BD-07 3856
1394,J14310-122,Wolf 1478
1395,J14312+754,2M J14311348+7526423
1396,J14320+738,G 255-055
1397,J14321+081,LP 560-035
1398,J14321+160,LP 440-038
1399,J14322+496,LP 174-355
1400,J14331+610,G 224-013
1401,J14342-125,HN Lib
1402,J14366+143,StKM 1-1170
1403,J14368+583,LP 098-132
1404,J14371+756,LSPM J1437+7536N
1405,J14376+677,G 239-022
1406,J14388+422,GPM219.718548+42.229288
1407,J14415+064,LP 560-066
1408,J14423+660,G 239-025
1409,J14438+667,NLTT 38291
1410,J14469+170,Ross 994
1411,J14472+570,RX J1447.2+5701
1412,J14485+101,G 066-027
1413,J14501+323,LP 326-034
1414,J14511+311,LP 326-038
1415,J14524+123,G 066-037
1416,J14525+001,G 066-036
1417,J14538+235,Ross 52
1418,J14544+161,CE Boo A
1419,J14544+355,Ross 1041
1420,J14548+099,Ross 1028b
1421,J14549+411,LP 222-015
1422,J14557+072,G 066-042
1423,J14564+168,G 136-035
1424,J14574-214,KX Lib BC
1425,J14575+313,Ross 53 AB
1426,J14578+566,GJ 1187
1427,J15009+454,BD+45 2247
1428,J15011+071,Ross 1030a
1429,J15011+354,Ross 1042
1430,J15013+055,G 015-002
1431,J15018+550,LP 135-097
1432,J15030+704,LP 041-431
1433,J15043+294,GJ 575.1
1434,J15043+603,Ross 1051
1435,J15049-211,LP 801-053
1436,J15060+453,HAT 147-00476
1437,J15073+249,BD+25 2874
1438,J15079+762,LSPM J1507+7613
1439,J15081+623,LSPM J1508+6221
1440,J15095+031,Ross 1047
1441,J15100+193,G 136-072
1442,J15118-102,G 151-034
1443,J15119+179,LP 442-017
1444,J15126+457,G 179-020
1445,J15147+645,G 224-057
1446,J15151+333,LP 272-063
1447,J15156+638,2M J15153756+6349528
1448,J15166+391,LP 222-065
1449,J15188+292,StKM 1-1229
1450,J15191-127,LP 742-061
1451,J15193+678,LP 068-073
1452,J15194-077,HO Lib
1453,J15197+046,2M J15194584+0439344
1454,J15210+309,2M J15210067+3057012
1455,J15214+042,TYC 344-504-1
1456,J15218+209,OT Ser
1457,J15219+185,LP 442-037
1458,J15238+174,Ross 508
1459,J15238+561,StKM 1-1240
1460,J15238+584,G 224-065
1461,J15273+415,TYC 3055-1525-1
1462,J15276+408,G 179-029
1463,J15280+257,GJ 587.1
1464,J15290+467,RX J1529.0+4646 AB
1465,J15297+428,G 179-033
1466,J15305+094,NLTT 40406
1467,J15319+288,G 167-047
1468,J15336+462,LP 176-055
1469,J15339+379,GJ 588.1
1470,J15340+513,LP 135-414
1471,J15345+142,Ross 512
1472,J15349-143,2MUCD 11346
1473,J15353+177N,Ross 513B
1474,J15353+177S,Ross 513A
1475,J15357+221,LP 384-018
1476,J15368+375,BK CrB
1477,J15369-141,Ross 802
1478,J15386+371,G 179-042
1479,J15400+434N,vB 24 A
1480,J15400+434S,vB 24 B
1481,J15412+759,UU UMi
1482,J15416+184,StKM 1-1264
1483,J15421-194,GJ 595 AB
1484,J15474+451,LP 177-102 AB
1485,J15474-108,LP 743-031
1486,J15476+226,LSPM J1547+2241
1487,J15480+043,RX J1548.0+0421
1488,J15488+305,2M J15484846+3030388
1489,J15493+250,G 168-013
1490,J15496+348,LP 274-008
1491,J15496+510,G 202-016
1492,J15499+796,LP 022-420
1493,J15501+009,Wolf 587
1494,J15512+306,TYC 2572-633-1
1495,J15513+295,G 168-014
1496,J15531+347N,Ross 806
1497,J15531+347S,LP 274-021
1498,J15538+641,NLTT 41533
1499,J15555+352,G 180-011 AB
1500,J15557+686,RX J1555.7+6840
1501,J15569+376,RX J1556.9+3738
1502,J15578+090,LSPM J1557+0901
1503,J15581+494,V1022 Her
1504,J15583+354,G 180-018
1505,J15587+346,StM 258
1506,J15597+440,RX J1559.7+4403
1507,J15598-082,BD-07 4156
1508,J16008+403,G 180-021
1509,J16017+301,G 168-024
1510,J16017+304,LP 329-019
1511,J16018+304,LP 329-020
1512,J16028+205,GJ 609
1513,J16033+175,2M J16032066+1735546
1514,J16043-062,LP 684-017
1515,J16046+263,BPM 91242
1516,J16048+391,G 180-027
1517,J16054+769,G 256-030
1518,J16062+290,LP 329-030
1519,J16066+083,GJ 611.3 AB
1520,J16074+059,G 016-030
1521,J16082-104,G 153-027
1522,J16090+529,MCC 759
1523,J16092+093,G 137-084
1524,J16102-193,K2-33
1525,J16120+033,TYC 371-1053-1
1526,J16139+337,sig CrB Cab
1527,J16144-028,LP 624-054
1528,J16145+191,GJ 1200
1529,J16147+048,G 017-007
1530,J16155+244,LP 385-058
1531,J16167+672N,EW Dra
1532,J16167+672S,HD 147379
1533,J16170+552,CR Dra AB
1534,J16180+062,EXO 161538+0624.2
1535,J16204-042,LP 685-051
1536,J16220+228,BPS BS 16542-0001
1537,J16241+483,GJ 623 AB
1538,J16247+229,BPM 91545
1539,J16254+543,GJ 625
1540,J16255+260,LTT 14889
1541,J16255+323,LP 330-013
1542,J16259+834,TYC 4647-2406-1
1543,J16268-173,LP 805-010
1544,J16280+155,G 138-033
1545,J16302-146,LP 745-051
1546,J16303-126,V2306 Oph
1547,J16313+408,G 180-060
1548,J16315+175,GJ 1202
1549,J16327+126,GJ 1203
1550,J16328+098,G 138-040
1551,J16342+543,LP 137-037
1552,J16343+571,CM Dra Aab
1553,J16354+350,LP 275-068
1554,J16360+088,G 138-043
1555,J16395+505,G 202-068
1556,J16401+007,LP 625-034
1557,J16403+676,LP 069-457
1558,J16408+363,Ross 812
1559,J16420+192,2M J16420074+1916104
1560,J16462+164,LP 446-006
1561,J16465+345,LP 276-022
1562,J16487+106,LSPM J1648+1038
1563,J16487-157,LP 806-008
1564,J16508-048,[RHG95] 2653
1565,J16509+224,G 169-029
1566,J16528+630,GSC 04194-01561
1567,J16529+400,G 203-033
1568,J16542+119,Ross 644
1569,J16554-083N,GJ 643
1570,J16554-083S,V1054 Oph ABab
1571,J16555-083,vB 8
1572,J16570-043,LP 686-027
1573,J16573+124,LP 506-037
1574,J16573+271,2M J16572235+2708304
1575,J16574+777,G 259-005
1576,J16577+132,GJ 647
1577,J16578+473,BD+47 2415B
1578,J16581+257,BD+25 3173
1579,J16584+139,G 139-003
1580,J16587+688,LP 043-338
1581,J16591+209,RX J1659.1+2058
1582,J17003+253,LP 587-031
1583,J17006+063,G 139-004
1584,J17010+082,G 139-005
1585,J17027-060,BD-05 4394
1586,J17033+514,G 203-042
1587,J17038+321,LP 331-057
1588,J17043+169,G 170-012
1589,J17052-050,Wolf 636
1590,J17058+260,LP 387-037
1591,J17071+215,Ross 863
1592,J17076+073,GJ 1210 AB
1593,J17082+516,G 203-044
1594,J17095+436,G 203-047 AB
1595,J17098+119,G 139-017
1596,J17104+279,StM 336
1597,J17115+384,Wolf 654
1598,J17118-018,LP 627-009
1599,J17121+456,HD 155876 AB
1600,J17136-084,V2367 Oph
1601,J17146+269,G 170-028
1602,J17153+049,GJ 1214
1603,J17158+190,BD+19 3268
1604,J17160+110,BD+11 3149
1605,J17166+080,GJ 2128
1606,J17177+116,GJ 1215
1607,J17177-118,LTT 6883
1608,J17183+181,LP 447-038
1609,J17183-017,MCC 791
1610,J17198+265,V639 Her
1611,J17198+417,GJ 671
1612,J17199+265,V647 Her
1613,J17207+492,G 203-063
1614,J17219+214,G 170-036
1615,J17225+055,2M J17223390+0531153
1616,J17242-043,LP 687-031
1617,J17276+144,GJ 1219
1618,J17285+374,Wolf 750
1619,J17303+055,BD+05 3409
1620,J17312+820,GJ 1220
1621,J17316+047,Wolf 755
1622,J17321+504,LP 180-017
1623,J17328+543,G 226-064
1624,J17338+169,1RXS J173353.5+165515
1625,J17340+446,2M J17340562+4447082
1626,J17355+616,BD+61 1678C
1627,J17364+683,BD+68 946 AB
1628,J17376+220,G 170-054
1629,J17378+185,BD+18 3421
1630,J17386+612,[RHG95] 2805
1631,J17388+080,G 139-050
1632,J17395+277N,LTT 15242
1633,J17395+277S,LP 332-045
1634,J17419+407,G 204-025
1635,J17421-088,Wolf 1471
1636,J17425-166,GJ 690.1
1637,J17430+057,G 140-009 AB
1638,J17431+854,G 259-020
1639,J17432-185,Ross 133
1640,J17439+433,GJ 694
1641,J17455+468,BD+46 2361
1642,J17460+246,LP 389-032
1643,J17464+277,mu Her BC
1644,J17464-087,Wolf 1473
1645,J17469+228,StKM 1-1528
1646,J17502+237,LP 389-021
1647,J17515+147,G 183-006
1648,J17521+647,G 227-020
1649,J17530+169,G 183-010
1650,J17542+073,GJ 1222
1651,J17547+128,LSPM J1754+1251
1652,J17570+157,LP 449-006 AB
1653,J17572+707,LP 044-162
1654,J17578+046,Barnards Star
1655,J17578+465,G 204-039
1656,J17589+807,LP 024-152
1657,J18010+508,Wolf 1403
1658,J18022+642,LP 071-082
1659,J18027+375,GJ 1223
1660,J18031+179,G 183-019
1661,J18037+247,Ross 820
1662,J18042+359,BD+35 3145
1663,J18051-030,HD 165222
1664,J18063+728,NLTT 46021
1665,J18074+184,Wolf 806
1666,J18075-159,GJ 1224
1667,J18096+318,LP 334-011
1668,J18103+512,Wolf 1412
1669,J18109+220,StKM 1-1582
1670,J18116+061,NLTT 46076
1671,J18131+260,LP 390-016
1672,J18134+054,LP 569-015 A
1673,J18135+055,NLTT 46124
1674,J18157+189,HD 348274
1675,J18160+139,BD+13 3578
1676,J18163+015,GJ 708.3
1677,J18165+048,G 140-051
1678,J18165+455,BD+45 2688
1679,J18174+483,TYC 3529-1437-1
1680,J18180+387E,G 204-058
1681,J18180+387W,G 204-057
1682,J18189+661,LP 071-165
1683,J18193-057,LP 689-001
1684,J18195+420,HAT 153-01130
1685,J18198-019,HD 168442
1686,J18209-010,GJ 1226
1687,J18221+063,Ross 136
1688,J18224+620,GJ 1227
1689,J18227+379,G 205-019
1690,J18234+281,Ross 708
1691,J18240+016,G 021-013
1692,J18248+282,Ross 710
1693,J18250+246,HD 336196
1694,J18255+383,G 205-020
1695,J18264+113,G 141-010
1696,J18292+638,TYC 4222-2195-1
1697,J18296+338,2M J18294012+3350130
1698,J18312+068,LP 570-092
1699,J18319+406,G 205-028
1700,J18346+401,LP 229-017
1701,J18352+243,G 184-013
1702,J18352+414,G 205-029
1703,J18353+457,BD+45 2743
1704,J18354+457,GJ 720 B (vB 9)
1705,J18356+329,LSR J1835+3259
1706,J18358+800,LP 025-002
1707,J18362+567,G 227-039
1708,J18363+136,Ross 149
1709,J18387+047,LP 570-022
1710,J18387-144,GJ 2138
1711,J18394+690,RX J1839.4+6903
1712,J18395+298,LP 335-012
1713,J18395+301,LP 335-013
1714,J18399+334,G 206-037
1715,J18400+726,LP 044-334
1716,J18402-104,Ross 719
1717,J18405+595,G 227-043
1718,J18409+315,BD+31 3330B
1719,J18409-133,BD-13 5069
1720,J18411+247N,GJ 1230 B
1721,J18411+247S,GJ 1230 Aab
1722,J18416+397,G 205-035
1723,J18419+318,Ross 145
1724,J18427+139,V816 Her
1725,J18427+596N,HD 173739
1726,J18427+596S,HD 173740
1727,J18432+253,TYC 2112-920-1
1728,J18433+406,V492 Lyr
1729,J18451+063,TYC 460-624-1
1730,J18453+188,G 184-024
1731,J18480-145,G 155-042
1732,J18482+076,G 141-036
1733,J18487+615,LSPM J1848+6135
1734,J18498-238,V1216 Sgr
1735,J18499+186,G 184-031
1736,J18500+030,Ross 142
1737,J18507+479,G 205-038
1738,J18515+027,BD+02 3698
1739,J18516+244,G 184-036
1740,J18518+165,HD 229793
1741,J18519+130,2M J18515965+1300034
1742,J18534+028,G 141-046
1743,J18548+008,BD+00 4050
1744,J18548+109,V1436 Aql B
1745,J18554+084,V1285 Aql AB
1746,J18563+544,G 229-019
1747,J18564+463,G 205-047
1748,J18571+075,LP 571-080
1749,J18576+535,LP 141-012
1750,J18580+059,BD+05 3993
1751,J18596+079,BD+07 3922
1752,J19025+704,LP 045-128
1753,J19032+034,G 141-057
1754,J19032+639,StKM 1-1676
1755,J19032-135,LP 751-001
1756,J19041+211,1RXS J190405.9+2110
1757,J19044+590,LSPM J1907+5905
1758,J19045+240,TYC 2122-1204-1
1759,J19070+208,Ross 730
1760,J19072+208,HD 349726
1761,J19077+325,GJ 747 AB
1762,J19082+265,G 207-018
1763,J19084+322,G 207-019
1764,J19093+382,StKM 1-1680
1765,J19093-147,Ross 727
1766,J19095+391,TYC 3120-1055-1
1767,J19098+176,GJ 1232
1768,J19106+015,G 022-017
1769,J19116+050,TYC 471-1564-1
1770,J19122+028,Wolf 1062 AB
1771,J19124+355,G 207-022
1772,J19146+193N,Ross 733
1773,J19146+193S,Ross 734
1774,J19169+051N,V1428 Aql
1775,J19169+051S,V1298 Aql (vB 10)
1776,J19185+580,LSPM J1918+5803
1777,J19205-076,GJ 754.1B
1778,J19215+425,LSPM J1921+4230
1779,J19216+208,GJ 1235
1780,J19218+286,V2078 Cyg
1781,J19220+070,GJ 1236
1782,J19228+307,GSC 02654-01527
1783,J19234+666,NLTT 47788
1784,J19237+797,2M J19234595+7944372
1785,J19242+755,GJ 1238
1786,J19242+797,TYC 4592-101-1
1787,J19251+283,Ross 164
1788,J19255+096,LSPM J1925+0938
1789,J19260+244,G 185-023
1790,J19268+167,LTT 15678
1791,J19284+289,TYC 2137-1575-1
1792,J19289+066,2M J19285563+0638259
1793,J19312+361,G 125-015
1794,J19326+005,GJ 761.2
1795,J19336+395,Ross 1063
1796,J19346+045,BD+04 4157
1797,J19349+532,Wolf 1108
1798,J19351+084N,GJ 4114 B
1799,J19351+084S,GJ 4114 Aab
1800,J19354+377,RX J1935.4+3746
1801,J19358+413,BD+40 3796
1802,J19395+718,BD+71 8595
1803,J19419+031,GJ 1242
1804,J19420-210,LP 869-019
1805,J19422-207,2M J19421282-2045477
1806,J19457+271,Ross 165 AB
1807,J19457+323,LP 337-003
1808,J19463+320,BD+31 3767A
1809,J19464+320,BD+31 3767B
1810,J19468-019,2M J19465050-0157397
1811,J19470+352,LSPM J1947+3516
1812,J19486+359,G 125-034
1813,J19500+325,LP 338-002
1814,J19502+317,LP 338-004
1815,J19510+104,omi Aql B
1816,J19511+464,G 208-042
1817,J19512+622,G 260-035
1818,J19535+341,LP 282-007
1819,J19539+444E,GJ 1245 C
1820,J19539+444W,V1581 Cyg AB
1821,J19540+325,G 125-043
1822,J19546+202,TYC 1624-397-1
1823,J19558+512,Wolf 1122
1824,J19564+591,BD+58 2015B
1825,J19565+591,BD+58 2015A
1826,J19573-125,HD 188807 B
1827,J19582+020,LP 634-002
1828,J19582+650,G 260-038
1829,J20005+593,2M J20003177+5921289
1830,J20011+002,NLTT 48567
1831,J20034+298,HD 190360 B
1832,J20037+644,TYC 4240-978-1
1833,J20038+059,GJ 1248
1834,J20039-081,LP 694-016
1835,J20050+544,V1513 Cyg
1836,J20057+529,Wolf 1131
1837,J20079-015,G 024-005
1838,J20082+333,GJ 1250
1839,J20093-012,2M J20091824-0113377
1840,J20105+065,LSPM J2010+0632
1841,J20112+161,BD+15 4074B
1842,J20112+379,LSPM J2011+3757
1843,J20129+342,LP 283-004
1844,J20132+029,[R78b] 440
1845,J20138+133,Ross 754
1846,J20139+066,LP 574-001
1847,J20151+635,LP 106-240
1848,J20165+351,G 210-011
1849,J20187+158,LTT 15944
1850,J20195+080,LTT 15948
1851,J20198+229,LP 395-008
1852,J20220+216,TYC 1643-120-1
1853,J20223+322,2M J20221862+3217154
1854,J20229+106,NLTT 49159
1855,J20232+671,NLTT 49224
1856,J20260+585,Wolf 1069
1857,J20269+275,G 186-027
1858,J20287-114,L 755-019
1859,J20298+096,HU Del AB
1860,J20301+798,GSC 04593-01344
1861,J20305+654,GJ 793
1862,J20314+385,Ross 188
1863,J20336+617,GJ 1254
1864,J20337+233,G 186-029
1865,J20339+643,G 262-018
1866,J20347+033,G 024-020
1867,J20349+592,Wolf 1074
1868,J20367+388,G 209-038
1869,J20373+219,Wolf 1351
1870,J20403+616,TYC 4246-488-1
1871,J20405+154,GJ 1256
1872,J20407+199,GJ 797B
1873,J20409-101,StKM 1-1806
1874,J20429-189,BD-19 5899
1875,J20433+553,GJ 802 AabB
1876,J20435+240,Wolf 1360
1877,J20436+642,G 262-026
1878,J20436-001,LP 635-046
1879,J20443+197,HD 352860
1880,J20445+089N,LP 576-039
1881,J20445+089S,LP 576-040
1882,J20450+444,BD+44 3567
1883,J20488+197,G 144-039
1884,J20496-003,Wolf 882
1885,J20519+691,G 262-029
1886,J20525-169,LP 816-060
1887,J20532-023,LP 636-019
1888,J20533+621,HD 199305
1889,J20535+106,G 025-008
1890,J20549+675,LP 074-035
1891,J20556-140N,GJ 810 A
1892,J20556-140S,GJ 810 B
1893,J20567-104,Wolf 896
1894,J20568-048,FR Aqr
1895,J20574+223,Wolf 3273
1896,J20586+342,LP 285-005
1897,J21000+400,V1396 Cyg AB
1898,J21001+495,G 212-014
1899,J21012+332,LP 340-547
1900,J21013+332,LP 340-548
1901,J21014+207,G 144-050
1902,J21019-063,Wolf 906
1903,J21027+349,G 211-009
1904,J21044+455,TYC 3588-5589-1
1905,J21048-169,Ross 769
1906,J21055+061,2M J21053205+0609155
1907,J21057+502,2M J21054537+5015435
1908,J21059+044,LP 576-034
1909,J21074+468,2M J21072810+4651537
1910,J21076-130,1RXS J120736.5-130500
1911,J21087-044N,[RHG95] 3306
1912,J21087-044S,BD-05 5480A
1913,J21092-133,Wolf 918
1914,J21100-193,BPS CS 22898-0065
1915,J21109+294,Ross 824 AB
1916,J21123+359,LP 285-009
1917,J21127-073,2M J21124559-0719558
1918,J21137+087,LSPM J2113+0846N
1919,J21138+180,Ross 772
1920,J21145+508,LSPM J2114+5052
1921,J21147+380,tau Cyg B
1922,J21152+257,LP 397-041
1923,J21160+298E,Ross 776
1924,J21160+298W,Ross 826
1925,J21164+025,LSPM J2116+0234
1926,J21173+208N,Ross 773 A
1927,J21173+208S,Ross 773 B
1928,J21173+640,G 262-038
1929,J21176-089N,StKM 1-1876
1930,J21176-089S,GJ 4188B
1931,J21185+302,GSC 02703-00706
1932,J21221+229,TYC 2187-512-1
1933,J21243+085,G 093-006
1934,J21245+400,LSR J2124+4003
1935,J21267+037,GJ 828.1
1936,J21272-068,Wolf 920
1937,J21275+340,V2160 Cyg
1938,J21277+072,Ross 778
1939,J21280+179,LP 457-038
1940,J21283-223,LP 873-049
1941,J21296+176,Ross 775
1942,J21313-097,BB Cap AB
1943,J21323+245,LP 397-034
1944,J21338+017N,LP 638-066
1945,J21338+017S,NLTT 51554
1946,J21338-068,Wolf 923
1947,J21348+515,Wolf 926
1948,J21366+394,V2168 Cyg AB
1949,J21369+561,Ross 215
1950,J21374-059,2M J21372900-0555082
1951,J21376+016,GSC 00543-00620
1952,J21378+530,Ross 199
1953,J21380+277,BD+27 4120 AabC
1954,J21399+276,LP 342-008 AB
1955,J21402+370,LP 286-001
1956,J21419+276,G 188-019
1957,J21421-121,Ross 206
1958,J21441+170N,G 126-030
1959,J21441+170S,G 126-031
1960,J21442+066,G 093-033
1961,J21449+442,BD+43 4035
1962,J21450+198,LP 458-033
1963,J21450-057,Wolf 937
1964,J21454-059,Wolf 939
1965,J21463+382,LSPM J2146+3813
1966,J21466+668,G 264-012
1967,J21466-001,Wolf 940
1968,J21469+466,Wolf 944
1969,J21472-047,2M J21471744-0444406
1970,J21478+502,Wolf 945
1971,J21479+058,Ross 779
1972,J21481+014,LP 638-040
1973,J21482+279,G 188-026
1974,J21512+128,G 018-001
1975,J21518+136,LP 518-058
1976,J21521+056,StKM 1-1950
1977,J21521+274,G 188-028
1978,J21539+417,GJ 839
1979,J21566+197,Ross 263
1980,J21569-019,LP 639-001
1981,J21574+081,Wolf 953
1982,J21584+755,GJ 842.2
1983,J21585+612,LSPM J2158+6117
1984,J21593+418,G 215-030
1985,J22012+283,V374 Peg
1986,J22012+323,Wolf 1154
1987,J22018+164,Ross 265
1988,J22020-194,LP 819-017
1989,J22021+014,BD+00 4810
1990,J22033+674,G 264-017
1991,J22035+036,2M J22033338+0340235
1992,J22051+051,Wolf 983
1993,J22057+656,G 264-018 A
1994,J22058-119,BD-12 6174
1995,J22060+393,G 189-001
1996,J22063+173,Ross 268
1997,J22067+034,Wolf 990
1998,J22088+117,2M J22085034+1144131
1999,J22095+118,LP 519-038
2000,J22096-046,BD-05 5715
2001,J22097+410,G 214-012
2002,J22107+079,Wolf 1003
2003,J22112+410,G 214-014
2004,J22112-025,G 027-017
2005,J22114+409,1RXS J221124.3+410000
2006,J22115+184,Ross 271
2007,J22117-207,WT 2221 A
2008,J22125+085,Wolf 1014
2009,J22129+550,LF 4 +54 152
2010,J22134-147,Wolf 1556
2011,J22135+259,LP 399-165
2012,J22137-176,LP 819-052
2013,J22138+052,Wolf 1019
2014,J22142+255,2M J22141765+2534066
2015,J22154+662,G 264-022
2016,J22160+546,G 232-062
2017,J22163+709,LP 48-567
2018,J22173-088N,FG Aqr A
2019,J22173-088S,Wolf 1561 BC
2020,J22176+565,2M J22173704+5633100
2021,J22202+067,Wolf 1034
2022,J22212+377,LSPM J2221+3744
2023,J22228+280,G 127-022
2024,J22231-176,LP 820-012
2025,J22234+324,Wolf 1225 AB
2026,J22249+520,G 232-069
2027,J22250+356,1RXS J222501.1+354008
2028,J22252+594,G 232-070
2029,J22262+030,Wolf 1201
2030,J22264+583,2M J22262498+5823051
2031,J22270+068,G 018-049
2032,J22279+576,HD 239960 + DO Cep
2033,J22287+189,LP 460-060
2034,J22289-134,LP 760-003
2035,J22290+016,LP 640-074
2036,J22298+414,G 215-050
2037,J22300+488,1RXS J223004.8+485127
2038,J22330+093,BD+08 4887
2039,J22333-096,StKM 1-2018 AB
2040,J22347+040,LP 580-033
2041,J22348-010,LP 640-043
2042,J22353+746,G 242-003
2043,J22361-008,HD 214100
2044,J22373+299,LP 344-027
2045,J22374+395,BD+38 4818
2046,J22385-152,EZ Aqr
2047,J22387+252,G 127-042
2048,J22387-206N,FL Aqr
2049,J22387-206S,FK Aqr
2050,J22406+445,G 216-011
2051,J22415+188,BD+18 5029
2052,J22415+260,2M J22413577+2602128
2053,J22426+176,GJ 1271
2054,J22433+221,G 127-050
2055,J22437+192,RX J2243.7+1916
2056,J22440+405,LDS 1064B
2057,J22441+405,LDS 1064A
2058,J22457+016,LP 641-004
2059,J22464-066,LP 701-007
2060,J22468+443,EV Lac
2061,J22476+184,LP 461-011
2062,J22479+318,LP 344-044
2063,J22489+183,2M J22485459+1819592
2064,J22503-070,BD-07 5871
2065,J22506+348,GJ 1274
2066,J22507+286,LP 344-047
2067,J22509+499,2M J22505505+4959132
2068,J22518+317,GT Peg
2069,J22524+099,sig Peg B
2070,J22526+750,NLTT 55174
2071,J22532-142,IL Aqr
2072,J22543+609,Ross 226
2073,J22547-054,G 156-063
2074,J22559+057,LP 581-036
2075,J22559+178,StKM 1-2065
2076,J22565+165,HD 216899
2077,J22576+373,G 189-053
2078,J23028+436,LSPM J2302+4338
2079,J23036+097,2M J23033745+0942585
2080,J23045+667,BD+65 1846
2081,J23051+452,LSPM J2305+4517
2082,J23051+519,2M J23050631+5159133
2083,J23060+639,MCC 858
2084,J23063+126,LP 521-079
2085,J23064-050,2MUCD 12171 (Trappist-1)
2086,J23065+717,LP 048-822
2087,J23075+686,G 241-045
2088,J23081+033,GJ 889.1
2089,J23083-154,HK Aqr
2090,J23088+065,StKM 1-2100
2091,J23089+551,G 233-042
2092,J23096-019,G 028-044
2093,J23107-192,GJ 1281
2094,J23113+085,NLTT 56083
2095,J23121-141,LP 762-003
2096,J23142-196N,BD-20 6558
2097,J23142-196S,BD-20 6558B
2098,J23161+067,G 028-050
2099,J23166+196,GJ 893.4 AB
2100,J23174+196,G 067-053 AB
2101,J23174+382,G 190-017
2102,J23175+063,G 029-019
2103,J23182+462,Ross 244
2104,J23182+795,LP 012-069
2105,J23193+154,StKM 1-2115
2106,J23194+790,HD 220140B
2107,J23215+568,LSPM J2321+5651
2108,J23216+172,LP 462-027
2109,J23220+569,G 217-006
2110,J23228+787,NLTT 56725
2111,J23229+372,2M J23225835+3717143
2112,J23234+155,LP 522-065
2113,J23245+578,BD+57 2735
2114,J23249+506,2M J23545647+5036148
2115,J23252+009,G 029-030
2116,J23256+531,FZ And
2117,J23261+170,2M J23261182+1700082AB
2118,J23262+088,GJ 2155
2119,J23262+278,GSC 02245-00754
2120,J23265+121,LP 522-049
2121,J23293+414N,G 190-028
2122,J23293+414S,G 190-027
2123,J23301-026,2M J23301129-0237227
2124,J23302-203,GJ 1284
2125,J23308+157,LP 462-052
2126,J23317-027,AF Psc
2127,J23318+199E,EQ Peg Aab
2128,J23318+199W,EQ Peg Bab
2129,J23323+540,G 217-012
2130,J23327-167,HD 221503 BC
2131,J23340+001,GJ 899
2132,J23350+016,BD+00 5017
2133,J23350+252,Ross 298
2134,J23351-023,GJ 1286
2135,J23354+300,G 128-082
2136,J23357+419,NLTT 16947
2137,J23364+554,Ross 303
2138,J23376-128,LP 763-003
2139,J23381-162,G 273-093
2140,J23386+391,G 171-008
2141,J23389+210,G 068-034
2142,J23401+606,G 241-062 AB
2143,J23414+200,TYC 1727-1708-1
2144,J23419+441,HH And
2145,J23423+349,2M J23422211+3458276
2146,J23428+308,GJ 1288
2147,J23431+365,GJ 1289
2148,J23438+325,G 130-006
2149,J23438+610,G 217-018
2150,J23439+647,Ross 676 AB
2151,J23443+216,GJ 1290
2152,J23455-161,LP 823-004 AB
2153,J23462+284,2M J23461405+2826036
2154,J23480+490,Ross 249
2155,J23489+098,[R78b] 377
2156,J23492+024,BR Psc
2157,J23492+100,G 029-069
2158,J23496+083,StKM 1-2166
2159,J23505-095,LP 763-012
2160,J23506+099,NLTT 58143
2161,J23509+384,LP 291-024
2162,J23517+069,G 030-026
2163,J23523-146,LP 823-008
2164,J23535+121,RX J2353.5+1206 2
2165,J23541+516,G 217-023
2166,J23544+081,G 030-028
2167,J23548+385,RX J2354.8+3831
2168,J23554-039,NLTT 58410
2169,J23556-061,GJ 912
2170,J23560+150,LP 523-078
2171,J23569+230,G 129-045
2172,J23573-129E,LP 704-015 A
2173,J23573-129W,LP 704-014 Bab
2174,J23577+197,LP 404-006
2175,J23577+233,GJ 1292
2176,J23578+386,LP 291-034
2177,J23582-174,LP 764-040
2178,J23585+076,Wolf 1051
2179,J23587+467,BD+45 4378 AB
2180,J23590+208,G 129-051
2181,J23598+477,LP 149-014
